{"name":"itemMenu","identifier":"OH5Z7HLW47","description":null,"slotTypeValues":[{"synonyms":[{"value":"alambre vegetariano "}],"sampleValue":{"value":"alambre vegetariano"}},{"synonyms":[{"value":"alambre bistec"}],"sampleValue":{"value":"alambre de bistec"}},{"synonyms":[{"value":"alambre pechuga"}],"sampleValue":{"value":"alambre de pechuga"}},{"synonyms":[{"value":"alambre costilla"}],"sampleValue":{"value":"alambre de costilla"}},{"synonyms":[{"value":"alambre arrachera"}],"sampleValue":{"value":"alambre de arrachera"}},{"synonyms":[{"value":"costra pastor"}],"sampleValue":{"value":"costra de pastor"}},{"synonyms":[{"value":"costra pechuga"}],"sampleValue":{"value":"costra de pechuga"}},{"synonyms":[{"value":"costra bistec"}],"sampleValue":{"value":"costra de bistec"}},{"synonyms":[{"value":"volcan pastor"}],"sampleValue":{"value":"volcan de pastor"}},{"synonyms":[{"value":"volcan pechuga"}],"sampleValue":{"value":"volcan de pechuga"}},{"synonyms":[{"value":"volcan bistec"}],"sampleValue":{"value":"volcan de bistec"}}],"parentSlotTypeSignature":null,"valueSelectionSetting":{"regexFilter":null,"resolutionStrategy":"TOP_RESOLUTION"}}