{"name":"ordenarPlatillos","identifier":"J6EZNRMSWR","description":"Agrega platillos y su cantidad a la orden.","parentIntentSignature":null,"sampleUtterances":[{"utterance":"Quiero hacer un pedido"},{"utterance":"Quiero pedir"},{"utterance":"Deseo pedir"},{"utterance":"Deseo una orden"},{"utterance":"Quiero pedir algo"},{"utterance":"Te puedo pedir algo?"},{"utterance":"Quiero comprar"},{"utterance":"Quisiera pedir"},{"utterance":"Quisiera comer"},{"utterance":"Quisiera tacos"},{"utterance":"Quisiera alambres"},{"utterance":"Quiero realizar una orden"},{"utterance":"Quisiera realizar una orden"},{"utterance":"Quiero hacer una orden"}],"intentConfirmationSetting":{"isActive":true,"declinationResponse":{"allowInterrupt":true,"messageGroupsList":[{"message":{"imageResponseCard":null,"ssmlMessage":null,"customPayload":null,"plainTextMessage":{"value":"Su pedido se ha cancelado"}},"variations":null}]},"failureNextStep":{"dialogAction":{"type":"StartIntent","slotToElicit":null,"suppressNextMessage":null},"sessionAttributes":{},"intent":{"name":"FallbackIntent","slots":{}}},"elicitationCodeHook":{"invocationLabel":null,"enableCodeHookInvocation":true},"declinationNextStep":{"dialogAction":{"type":"ConfirmIntent","slotToElicit":null,"suppressNextMessage":null},"sessionAttributes":{},"intent":{"name":null,"slots":{}}},"confirmationNextStep":{"dialogAction":{"type":"CloseIntent","slotToElicit":null,"suppressNextMessage":null},"sessionAttributes":null,"intent":{"name":null,"slots":{}}},"confirmationResponse":{"allowInterrupt":true,"messageGroupsList":[{"message":{"imageResponseCard":null,"ssmlMessage":null,"customPayload":null,"plainTextMessage":{"value":"Ya estamos realizando su pedido."}},"variations":null}]},"promptSpecification":{"allowInterrupt":true,"messageSelectionStrategy":"Random","promptAttemptsSpecification":{"Retry4":{"allowedInputTypes":{"allowAudioInput":true,"allowDTMFInput":true},"audioAndDTMFInputSpecification":{"dtmfSpecification":{"maxLength":513,"deletionCharacter":"*","endCharacter":"#","endTimeoutMs":5000},"startTimeoutMs":4000,"audioSpecification":{"maxLengthMs":15000,"endTimeoutMs":640}},"allowInterrupt":true,"textInputSpecification":{"startTimeoutMs":30000}},"Retry3":{"allowedInputTypes":{"allowAudioInput":true,"allowDTMFInput":true},"audioAndDTMFInputSpecification":{"dtmfSpecification":{"maxLength":513,"deletionCharacter":"*","endCharacter":"#","endTimeoutMs":5000},"startTimeoutMs":4000,"audioSpecification":{"maxLengthMs":15000,"endTimeoutMs":640}},"allowInterrupt":true,"textInputSpecification":{"startTimeoutMs":30000}},"Retry2":{"allowedInputTypes":{"allowAudioInput":true,"allowDTMFInput":true},"audioAndDTMFInputSpecification":{"dtmfSpecification":{"maxLength":513,"deletionCharacter":"*","endCharacter":"#","endTimeoutMs":5000},"startTimeoutMs":4000,"audioSpecification":{"maxLengthMs":15000,"endTimeoutMs":640}},"allowInterrupt":true,"textInputSpecification":{"startTimeoutMs":30000}},"Retry1":{"allowedInputTypes":{"allowAudioInput":true,"allowDTMFInput":true},"audioAndDTMFInputSpecification":{"dtmfSpecification":{"maxLength":513,"deletionCharacter":"*","endCharacter":"#","endTimeoutMs":5000},"startTimeoutMs":4000,"audioSpecification":{"maxLengthMs":15000,"endTimeoutMs":640}},"allowInterrupt":true,"textInputSpecification":{"startTimeoutMs":30000}},"Initial":{"allowedInputTypes":{"allowAudioInput":true,"allowDTMFInput":true},"audioAndDTMFInputSpecification":{"dtmfSpecification":{"maxLength":513,"deletionCharacter":"*","endCharacter":"#","endTimeoutMs":5000},"startTimeoutMs":4000,"audioSpecification":{"maxLengthMs":15000,"endTimeoutMs":640}},"allowInterrupt":true,"textInputSpecification":{"startTimeoutMs":30000}}},"messageGroupsList":[{"message":{"imageResponseCard":null,"ssmlMessage":null,"customPayload":null,"plainTextMessage":{"value":"Listo! El total de tu pedido sería: [total], puedo confirmar tu pedido?"}},"variations":null}],"maxRetries":4}},"intentClosingSetting":{"isActive":true,"closingResponse":{"allowInterrupt":true,"messageGroupsList":[{"message":{"imageResponseCard":null,"ssmlMessage":null,"customPayload":null,"plainTextMessage":{"value":"Gracias por su preferencia!"}},"variations":null}]},"nextStep":{"dialogAction":{"type":"EndConversation","slotToElicit":null,"suppressNextMessage":null},"sessionAttributes":null,"intent":{"name":null,"slots":null}}},"initialResponseSetting":{"initialResponse":{"allowInterrupt":true,"messageGroupsList":[{"message":{"imageResponseCard":null,"ssmlMessage":null,"customPayload":null,"plainTextMessage":{"value":"Hola, soy el chatbot de la Taquería los Socios"}},"variations":null}]},"codeHook":null,"conditional":null,"nextStep":{"dialogAction":{"type":"ElicitSlot","slotToElicit":"Menu","suppressNextMessage":null},"sessionAttributes":{"total":"0"},"intent":{"name":null,"slots":{}}}},"inputContexts":null,"outputContexts":null,"kendraConfiguration":null,"dialogCodeHook":{"enabled":true},"fulfillmentCodeHook":{"isActive":false,"fulfillmentUpdatesSpecification":null,"postFulfillmentStatusSpecification":{"failureResponse":{"allowInterrupt":true,"messageGroupsList":[{"message":{"imageResponseCard":null,"ssmlMessage":null,"customPayload":null,"plainTextMessage":{"value":"Hubo un error, por favor intente nuevamente."}},"variations":null}]},"failureNextStep":{"dialogAction":{"type":"CloseIntent","slotToElicit":null,"suppressNextMessage":null},"sessionAttributes":null,"intent":{"name":null,"slots":{}}},"timeoutResponse":null,"timeoutNextStep":{"dialogAction":{"type":"CloseIntent","slotToElicit":null,"suppressNextMessage":null},"sessionAttributes":null,"intent":{"name":null,"slots":{}}},"successNextStep":{"dialogAction":{"type":"CloseIntent","slotToElicit":null,"suppressNextMessage":null},"sessionAttributes":null,"intent":{"name":null,"slots":{}}},"successResponse":{"allowInterrupt":true,"messageGroupsList":[{"message":{"imageResponseCard":null,"ssmlMessage":null,"customPayload":null,"plainTextMessage":{"value":"Gracias por su preferencia!"}},"variations":null}]}},"enabled":false},"slotPriorities":[{"priority":2,"slotName":"Quantity"},{"priority":1,"slotName":"Menu"},{"priority":3,"slotName":"AlgoMas"}]}